airtable_record_id,created_time,short_title,parent_video_title,angle,status,youtube,tiktok,ig_reels,notes
recC9XnFg6tQcPQRf,2026-08-08T14:38:55.000Z,V2 Short 2 — Single tip,12 Unsexy AI Workflows That Replace Admin,Meeting-notes-to-CRM workflow in 40s,Not started,,,,
recEQ1SUQ63XhBl7W,2026-08-08T14:38:55.000Z,V3 Short 3 — Result,How We Automated a Consulting Biz in 7 Days,Follow-up: days → minutes; the one change that did it,Not started,,,,
recEqNzPpWRajRkU9,2026-08-08T14:38:55.000Z,V3 Short 2 — The engine,How We Automated a Consulting Biz in 7 Days,Day 4: AI drafts follow-up on every stage change,Not started,,,,
recOPV3kfZfUUnCQq,2026-08-02T04:43:07.000Z,Short 2 — Myth vs Fact,Stop Prompting Harder,Unstructured AI = more management work,Not started,,,,
recPyhF9n7xrXDoFq,2026-08-08T14:38:55.000Z,V2 Short 3 — Myth vs Fact,12 Unsexy AI Workflows That Replace Admin,"AI pays back on boring admin, not fancy creative",Not started,,,,
recbN9qOZhAP5tZ4n,2026-08-08T14:38:55.000Z,V3 Short 1 — Hook,How We Automated a Consulting Biz in 7 Days,"Whole business automated in 7 days, 0 hires — day-by-day",Not started,,,,
recehI85aicRFyvjO,2026-08-02T04:43:07.000Z,Short 3 — Tutorial,Stop Prompting Harder,3-step CRM trigger formula,Not started,,,,
rechc3nb2ydzNLUgm,2026-08-08T14:38:55.000Z,V2 Short 1 — Hook,12 Unsexy AI Workflows That Replace Admin,Paying a full salary for $20/mo work — 3 biggest offenders,Not started,,,,
recvEo6z0ebnQDJF9,2026-08-02T04:43:07.000Z,Short 1 — Hook-first,Stop Prompting Harder,The illusion of prompt engineering,Not started,,,,
